scope,kpi,months_affected,months_in_series,first_affected_month,first_affected_index,largest_difference,largest_relative_difference,ratio_spread,ratio_always_same_side,legacy_zero_in_first_month,diagnosis
CZ,approval_rate,24,24,2024-09-30,0,0.0747397260273972,0.14155251141552494,0.06699110790675289,True,False,"every month differs in the same direction and in proportion to the figure, with the proportion drifting slowly, which suggests a factor that was correct once and has not been updated"
CZ,avg_balance_per_customer_eur,24,24,2024-09-30,0,187.68140551431998,0.06840118325086242,0.12489323303110544,False,False,"differs with no obvious pattern, inspect the formula"
CZ,dpd30_rate,24,24,2024-09-30,0,0.0352903078696533,0.33766545206529397,0.5130871676726264,False,True,"legacy reports zero in the first month of the series, which suggests the formula reaches back one period"
CZ,dpd90_rate,0,24,,-1,8.107009733665516e-09,0.0,0.0,False,False,"matches, nothing to explain"
CZ,new_accounts,0,24,,-1,0.0,0.0,0.0,False,False,"matches, nothing to explain"
CZ,new_originations_eur,24,24,2024-09-30,0,4614.711999999941,0.006478311670706338,0.0114911494259331,False,False,"every month differs by a near constant factor, which suggests a fixed factor or rate applied in one place"
CZ,portfolio_balance_eur,22,24,2024-10-31,1,1011590.699852502,0.09978618858094856,0.0997862323818004,False,False,"differences start in 2024-10-31 and continue, which suggests something that began that month, such as a product launch or a changed extract"
GROUP,approval_rate,24,24,2024-09-30,0,0.06683511411748266,0.1338112305854242,0.038446992174828276,True,False,"every month differs in the same direction and in proportion to the figure, with the proportion drifting slowly, which suggests a factor that was correct once and has not been updated"
GROUP,avg_balance_per_customer_eur,24,24,2024-09-30,0,231.72479399228814,0.08206296637268173,0.11986397524450698,False,False,"differs with no obvious pattern, inspect the formula"
GROUP,dpd30_rate,24,24,2024-09-30,0,0.0304250536166009,0.18754378954268414,0.2607385708593186,False,True,"legacy reports zero in the first month of the series, which suggests the formula reaches back one period"
GROUP,dpd90_rate,24,24,2024-09-30,0,0.0001479042734966185,0.010867037572369398,0.017688624937218678,False,False,"every month differs by a near constant factor, which suggests a fixed factor or rate applied in one place"
GROUP,new_accounts,0,24,,-1,0.0,0.0,0.0,False,False,"matches, nothing to explain"
GROUP,new_originations_eur,24,24,2024-09-30,0,48941.0112999999,0.022688485915665413,0.01259315859460386,True,False,"every month differs by a near constant factor, which suggests a fixed factor or rate applied in one place"
GROUP,portfolio_balance_eur,24,24,2024-09-30,0,3950221.0970147476,0.11612272017291503,0.10143735530320452,True,False,"differs with no obvious pattern, inspect the formula"
PL,approval_rate,24,24,2024-09-30,0,0.07713055954088954,0.1517615176151761,0.08371418033706957,True,False,"every month differs in the same direction and in proportion to the figure, with the proportion drifting slowly, which suggests a factor that was correct once and has not been updated"
PL,avg_balance_per_customer_eur,24,24,2024-09-30,0,169.90805852837275,0.05888899014983573,0.11418853701248799,False,False,"differs with no obvious pattern, inspect the formula"
PL,dpd30_rate,24,24,2024-09-30,0,0.0267653408501221,0.22373515168947056,0.36583181156268696,False,True,"legacy reports zero in the first month of the series, which suggests the formula reaches back one period"
PL,dpd90_rate,0,24,,-1,4.587507984599171e-09,0.0,0.0,False,False,"matches, nothing to explain"
PL,new_accounts,0,24,,-1,0.0,0.0,0.0,False,False,"matches, nothing to explain"
PL,new_originations_eur,24,24,2024-09-30,0,8775.871200000052,0.009338390129630003,0.017570350178612637,False,False,"every month differs by a near constant factor, which suggests a fixed factor or rate applied in one place"
PL,portfolio_balance_eur,20,24,2025-01-31,4,1407673.4698822498,0.09634212247992768,0.09634214893490567,False,False,"differences start in 2025-01-31 and continue, which suggests something that began that month, such as a product launch or a changed extract"
RO,approval_rate,24,24,2024-09-30,0,0.07972747698775096,0.15873015873015883,0.07873015873015876,True,False,"every month differs in the same direction and in proportion to the figure, with the proportion drifting slowly, which suggests a factor that was correct once and has not been updated"
RO,avg_balance_per_customer_eur,24,24,2024-09-30,0,407.97204923845584,0.13523624272680868,0.12959938561512974,True,False,"differs with no obvious pattern, inspect the formula"
RO,dpd30_rate,24,24,2024-09-30,0,0.0306517825601851,0.3679392405176054,0.605047608205328,False,True,"legacy reports zero in the first month of the series, which suggests the formula reaches back one period"
RO,dpd90_rate,0,24,,-1,4.420111471281629e-09,0.0,0.0,False,False,"matches, nothing to explain"
RO,new_accounts,0,24,,-1,0.0,0.0,0.0,False,False,"matches, nothing to explain"
RO,new_originations_eur,24,24,2024-09-30,0,51897.419999999925,0.07454770220765417,0.02131204345960347,True,False,"every month differs in the same direction and in proportion to the figure, with the proportion drifting slowly, which suggests a factor that was correct once and has not been updated"
RO,portfolio_balance_eur,24,24,2024-09-30,0,1530956.9272800004,0.16573738112834524,0.11151772574490548,True,False,"differs with no obvious pattern, inspect the formula"
