round,round_label,scope,kpi,months_affected,first_affected_month,largest_difference,largest_relative_difference,diagnosis
0,as first reported,CZ,approval_rate,0,,5.551115123125783e-17,0.0,"matches, nothing to explain"
0,as first reported,CZ,avg_balance_per_customer_eur,18,2025-03-31,273.79665704049603,0.09978620556670736,"differences start in 2025-03-31 and continue, which suggests something that began that month, such as a product launch or a changed extract"
0,as first reported,CZ,dpd30_rate,24,2024-09-30,0.035290306239658,0.33766545319770325,"legacy reports zero in the first month of the series, which suggests the formula reaches back one period"
0,as first reported,CZ,dpd90_rate,0,,9.71445146547012e-17,0.0,"matches, nothing to explain"
0,as first reported,CZ,new_accounts,0,,0.0,0.0,"matches, nothing to explain"
0,as first reported,CZ,new_originations_eur,0,,1.1641532182693481e-10,0.0,"matches, nothing to explain"
0,as first reported,CZ,portfolio_balance_eur,18,2025-03-31,1011590.6721152514,0.09978620556670736,"differences start in 2025-03-31 and continue, which suggests something that began that month, such as a product launch or a changed extract"
0,as first reported,GROUP,approval_rate,0,,5.551115123125783e-17,0.0,"matches, nothing to explain"
0,as first reported,GROUP,avg_balance_per_customer_eur,24,2024-09-30,327.90080127302645,0.11612271593750689,"differs with no obvious pattern, inspect the formula"
0,as first reported,GROUP,dpd30_rate,24,2024-09-30,0.0304250540911688,0.18754378966143626,"legacy reports zero in the first month of the series, which suggests the formula reaches back one period"
0,as first reported,GROUP,dpd90_rate,24,2024-09-30,0.00014790458966901752,0.0108670608026471,"every month differs by a near constant factor, which suggests a fixed factor or rate applied in one place"
0,as first reported,GROUP,new_accounts,0,,0.0,0.0,"matches, nothing to explain"
0,as first reported,GROUP,new_originations_eur,24,2024-09-30,51562.18420000002,0.02164907413336148,"every month differs by a near constant factor, which suggests a fixed factor or rate applied in one place"
0,as first reported,GROUP,portfolio_balance_eur,24,2024-09-30,3950220.9529361464,0.11612271593750678,"differs with no obvious pattern, inspect the formula"
0,as first reported,PL,approval_rate,0,,5.551115123125783e-17,0.0,"matches, nothing to explain"
0,as first reported,PL,avg_balance_per_customer_eur,18,2025-03-31,279.1871484748294,0.09634216139520146,"differences start in 2025-03-31 and continue, which suggests something that began that month, such as a product launch or a changed extract"
0,as first reported,PL,dpd30_rate,24,2024-09-30,0.0267653409809167,0.22373524576657466,"legacy reports zero in the first month of the series, which suggests the formula reaches back one period"
0,as first reported,PL,dpd90_rate,0,,9.194034422677078e-17,0.0,"matches, nothing to explain"
0,as first reported,PL,new_accounts,0,,0.0,0.0,"matches, nothing to explain"
0,as first reported,PL,new_originations_eur,0,,1.1641532182693481e-10,0.0,"matches, nothing to explain"
0,as first reported,PL,portfolio_balance_eur,18,2025-03-31,1407673.4217180684,0.09634216139520158,"differences start in 2025-03-31 and continue, which suggests something that began that month, such as a product launch or a changed extract"
0,as first reported,RO,approval_rate,0,,5.551115123125783e-17,0.0,"matches, nothing to explain"
0,as first reported,RO,avg_balance_per_customer_eur,24,2024-09-30,499.9859108761693,0.16573737374766362,"differs with no obvious pattern, inspect the formula"
0,as first reported,RO,dpd30_rate,24,2024-09-30,0.0306517860726702,0.36793928881750526,"legacy reports zero in the first month of the series, which suggests the formula reaches back one period"
0,as first reported,RO,dpd90_rate,0,,1.0061396160665481e-16,0.0,"matches, nothing to explain"
0,as first reported,RO,new_accounts,0,,0.0,0.0,"matches, nothing to explain"
0,as first reported,RO,new_originations_eur,24,2024-09-30,51562.18420000002,0.07493538767395624,"every month differs in the same direction and in proportion to the figure, with the proportion drifting slowly, which suggests a factor that was correct once and has not been updated"
0,as first reported,RO,portfolio_balance_eur,24,2024-09-30,1530956.8591028303,0.16573737374766362,"differs with no obvious pattern, inspect the formula"
1,after F1 was corrected,CZ,approval_rate,0,,5.551115123125783e-17,0.0,"matches, nothing to explain"
1,after F1 was corrected,CZ,avg_balance_per_customer_eur,0,,9.094947017729282e-13,0.0,"matches, nothing to explain"
1,after F1 was corrected,CZ,dpd30_rate,24,2024-09-30,0.035290306239658,0.33766545319770325,"legacy reports zero in the first month of the series, which suggests the formula reaches back one period"
1,after F1 was corrected,CZ,dpd90_rate,0,,9.71445146547012e-17,0.0,"matches, nothing to explain"
1,after F1 was corrected,CZ,new_accounts,0,,0.0,0.0,"matches, nothing to explain"
1,after F1 was corrected,CZ,new_originations_eur,0,,1.1641532182693481e-10,0.0,"matches, nothing to explain"
1,after F1 was corrected,CZ,portfolio_balance_eur,0,,1.862645149230957e-09,0.0,"matches, nothing to explain"
1,after F1 was corrected,GROUP,approval_rate,0,,5.551115123125783e-17,0.0,"matches, nothing to explain"
1,after F1 was corrected,GROUP,avg_balance_per_customer_eur,24,2024-09-30,55.824391371151705,0.020014025649152556,"every month differs by a near constant factor, which suggests a fixed factor or rate applied in one place"
1,after F1 was corrected,GROUP,dpd30_rate,24,2024-09-30,0.0304250540911688,0.18755776004292612,"legacy reports zero in the first month of the series, which suggests the formula reaches back one period"
1,after F1 was corrected,GROUP,dpd90_rate,24,2024-09-30,0.00014790458966901752,0.0108670608026471,"every month differs by a near constant factor, which suggests a fixed factor or rate applied in one place"
1,after F1 was corrected,GROUP,new_accounts,0,,0.0,0.0,"matches, nothing to explain"
1,after F1 was corrected,GROUP,new_originations_eur,24,2024-09-30,51562.18420000002,0.02164907413336148,"every month differs by a near constant factor, which suggests a fixed factor or rate applied in one place"
1,after F1 was corrected,GROUP,portfolio_balance_eur,24,2024-09-30,614059.9430268295,0.020014025649152556,"every month differs by a near constant factor, which suggests a fixed factor or rate applied in one place"
1,after F1 was corrected,PL,approval_rate,0,,5.551115123125783e-17,0.0,"matches, nothing to explain"
1,after F1 was corrected,PL,avg_balance_per_customer_eur,0,,9.094947017729282e-13,0.0,"matches, nothing to explain"
1,after F1 was corrected,PL,dpd30_rate,24,2024-09-30,0.0267653409809167,0.22373524576657466,"legacy reports zero in the first month of the series, which suggests the formula reaches back one period"
1,after F1 was corrected,PL,dpd90_rate,0,,9.194034422677078e-17,0.0,"matches, nothing to explain"
1,after F1 was corrected,PL,new_accounts,0,,0.0,0.0,"matches, nothing to explain"
1,after F1 was corrected,PL,new_originations_eur,0,,1.1641532182693481e-10,0.0,"matches, nothing to explain"
1,after F1 was corrected,PL,portfolio_balance_eur,0,,1.862645149230957e-09,0.0,"matches, nothing to explain"
1,after F1 was corrected,RO,approval_rate,0,,5.551115123125783e-17,0.0,"matches, nothing to explain"
1,after F1 was corrected,RO,avg_balance_per_customer_eur,24,2024-09-30,219.75430748307053,0.07493538767395647,"every month differs in the same direction and in proportion to the figure, with the proportion drifting slowly, which suggests a factor that was correct once and has not been updated"
1,after F1 was corrected,RO,dpd30_rate,24,2024-09-30,0.0306517860726702,0.36793928881750526,"legacy reports zero in the first month of the series, which suggests the formula reaches back one period"
1,after F1 was corrected,RO,dpd90_rate,0,,1.0061396160665481e-16,0.0,"matches, nothing to explain"
1,after F1 was corrected,RO,new_accounts,0,,0.0,0.0,"matches, nothing to explain"
1,after F1 was corrected,RO,new_originations_eur,24,2024-09-30,51562.18420000002,0.07493538767395624,"every month differs in the same direction and in proportion to the figure, with the proportion drifting slowly, which suggests a factor that was correct once and has not been updated"
1,after F1 was corrected,RO,portfolio_balance_eur,24,2024-09-30,614059.9430268295,0.07493538767395624,"every month differs in the same direction and in proportion to the figure, with the proportion drifting slowly, which suggests a factor that was correct once and has not been updated"
2,after F2 was corrected,CZ,approval_rate,0,,5.551115123125783e-17,0.0,"matches, nothing to explain"
2,after F2 was corrected,CZ,avg_balance_per_customer_eur,0,,9.094947017729282e-13,0.0,"matches, nothing to explain"
2,after F2 was corrected,CZ,dpd30_rate,24,2024-09-30,0.035290306239658,0.33766545319770325,"legacy reports zero in the first month of the series, which suggests the formula reaches back one period"
2,after F2 was corrected,CZ,dpd90_rate,0,,9.71445146547012e-17,0.0,"matches, nothing to explain"
2,after F2 was corrected,CZ,new_accounts,0,,0.0,0.0,"matches, nothing to explain"
2,after F2 was corrected,CZ,new_originations_eur,0,,1.1641532182693481e-10,0.0,"matches, nothing to explain"
2,after F2 was corrected,CZ,portfolio_balance_eur,0,,1.862645149230957e-09,0.0,"matches, nothing to explain"
2,after F2 was corrected,GROUP,approval_rate,0,,5.551115123125783e-17,0.0,"matches, nothing to explain"
2,after F2 was corrected,GROUP,avg_balance_per_customer_eur,0,,9.094947017729282e-13,0.0,"matches, nothing to explain"
2,after F2 was corrected,GROUP,dpd30_rate,24,2024-09-30,0.0304250540911688,0.18774223016656477,"legacy reports zero in the first month of the series, which suggests the formula reaches back one period"
2,after F2 was corrected,GROUP,dpd90_rate,0,,1.0061396160665481e-16,0.0,"matches, nothing to explain"
2,after F2 was corrected,GROUP,new_accounts,0,,0.0,0.0,"matches, nothing to explain"
2,after F2 was corrected,GROUP,new_originations_eur,0,,4.656612873077393e-10,0.0,"matches, nothing to explain"
2,after F2 was corrected,GROUP,portfolio_balance_eur,0,,3.725290298461914e-09,0.0,"matches, nothing to explain"
2,after F2 was corrected,PL,approval_rate,0,,5.551115123125783e-17,0.0,"matches, nothing to explain"
2,after F2 was corrected,PL,avg_balance_per_customer_eur,0,,9.094947017729282e-13,0.0,"matches, nothing to explain"
2,after F2 was corrected,PL,dpd30_rate,24,2024-09-30,0.0267653409809167,0.22373524576657466,"legacy reports zero in the first month of the series, which suggests the formula reaches back one period"
2,after F2 was corrected,PL,dpd90_rate,0,,9.194034422677078e-17,0.0,"matches, nothing to explain"
2,after F2 was corrected,PL,new_accounts,0,,0.0,0.0,"matches, nothing to explain"
2,after F2 was corrected,PL,new_originations_eur,0,,1.1641532182693481e-10,0.0,"matches, nothing to explain"
2,after F2 was corrected,PL,portfolio_balance_eur,0,,1.862645149230957e-09,0.0,"matches, nothing to explain"
2,after F2 was corrected,RO,approval_rate,0,,5.551115123125783e-17,0.0,"matches, nothing to explain"
2,after F2 was corrected,RO,avg_balance_per_customer_eur,0,,9.094947017729282e-13,0.0,"matches, nothing to explain"
2,after F2 was corrected,RO,dpd30_rate,24,2024-09-30,0.0306517860726702,0.36793928881750526,"legacy reports zero in the first month of the series, which suggests the formula reaches back one period"
2,after F2 was corrected,RO,dpd90_rate,0,,1.0061396160665481e-16,0.0,"matches, nothing to explain"
2,after F2 was corrected,RO,new_accounts,0,,0.0,0.0,"matches, nothing to explain"
2,after F2 was corrected,RO,new_originations_eur,0,,1.1641532182693481e-10,0.0,"matches, nothing to explain"
2,after F2 was corrected,RO,portfolio_balance_eur,0,,1.862645149230957e-09,0.0,"matches, nothing to explain"
3,after F3 was corrected,CZ,approval_rate,0,,5.551115123125783e-17,0.0,"matches, nothing to explain"
3,after F3 was corrected,CZ,avg_balance_per_customer_eur,0,,9.094947017729282e-13,0.0,"matches, nothing to explain"
3,after F3 was corrected,CZ,dpd30_rate,0,,9.367506770274758e-17,0.0,"matches, nothing to explain"
3,after F3 was corrected,CZ,dpd90_rate,0,,9.71445146547012e-17,0.0,"matches, nothing to explain"
3,after F3 was corrected,CZ,new_accounts,0,,0.0,0.0,"matches, nothing to explain"
3,after F3 was corrected,CZ,new_originations_eur,0,,1.1641532182693481e-10,0.0,"matches, nothing to explain"
3,after F3 was corrected,CZ,portfolio_balance_eur,0,,1.862645149230957e-09,0.0,"matches, nothing to explain"
3,after F3 was corrected,GROUP,approval_rate,0,,5.551115123125783e-17,0.0,"matches, nothing to explain"
3,after F3 was corrected,GROUP,avg_balance_per_customer_eur,0,,9.094947017729282e-13,0.0,"matches, nothing to explain"
3,after F3 was corrected,GROUP,dpd30_rate,0,,9.367506770274758e-17,0.0,"matches, nothing to explain"
3,after F3 was corrected,GROUP,dpd90_rate,0,,1.0061396160665481e-16,0.0,"matches, nothing to explain"
3,after F3 was corrected,GROUP,new_accounts,0,,0.0,0.0,"matches, nothing to explain"
3,after F3 was corrected,GROUP,new_originations_eur,0,,4.656612873077393e-10,0.0,"matches, nothing to explain"
3,after F3 was corrected,GROUP,portfolio_balance_eur,0,,3.725290298461914e-09,0.0,"matches, nothing to explain"
3,after F3 was corrected,PL,approval_rate,0,,5.551115123125783e-17,0.0,"matches, nothing to explain"
3,after F3 was corrected,PL,avg_balance_per_customer_eur,0,,9.094947017729282e-13,0.0,"matches, nothing to explain"
3,after F3 was corrected,PL,dpd30_rate,0,,9.367506770274758e-17,0.0,"matches, nothing to explain"
3,after F3 was corrected,PL,dpd90_rate,0,,9.194034422677078e-17,0.0,"matches, nothing to explain"
3,after F3 was corrected,PL,new_accounts,0,,0.0,0.0,"matches, nothing to explain"
3,after F3 was corrected,PL,new_originations_eur,0,,1.1641532182693481e-10,0.0,"matches, nothing to explain"
3,after F3 was corrected,PL,portfolio_balance_eur,0,,1.862645149230957e-09,0.0,"matches, nothing to explain"
3,after F3 was corrected,RO,approval_rate,0,,5.551115123125783e-17,0.0,"matches, nothing to explain"
3,after F3 was corrected,RO,avg_balance_per_customer_eur,0,,9.094947017729282e-13,0.0,"matches, nothing to explain"
3,after F3 was corrected,RO,dpd30_rate,0,,1.0408340855860843e-16,0.0,"matches, nothing to explain"
3,after F3 was corrected,RO,dpd90_rate,0,,1.0061396160665481e-16,0.0,"matches, nothing to explain"
3,after F3 was corrected,RO,new_accounts,0,,0.0,0.0,"matches, nothing to explain"
3,after F3 was corrected,RO,new_originations_eur,0,,1.1641532182693481e-10,0.0,"matches, nothing to explain"
3,after F3 was corrected,RO,portfolio_balance_eur,0,,1.862645149230957e-09,0.0,"matches, nothing to explain"
