month_end,scope,kpi,value
2024-09-30,PL,portfolio_balance_eur,7682798.4182829
2024-09-30,PL,new_accounts,166.0
2024-09-30,PL,new_originations_eur,768552.0822
2024-09-30,PL,dpd30_rate,0.0
2024-09-30,PL,dpd90_rate,0.012515590255615548
2024-09-30,PL,approval_rate,0.48732394366197185
2024-09-30,PL,avg_balance_per_customer_eur,2931.2470119354825
2024-09-30,CZ,portfolio_balance_eur,5556477.0888967505
2024-09-30,CZ,new_accounts,124.0
2024-09-30,CZ,new_originations_eur,587976.831
2024-09-30,CZ,dpd30_rate,0.0
2024-09-30,CZ,dpd90_rate,0.019185201482804292
2024-09-30,CZ,approval_rate,0.5432098765432098
2024-09-30,CZ,avg_balance_per_customer_eur,2915.25555555968
2024-09-30,RO,portfolio_balance_eur,5059991.350856001
2024-09-30,RO,new_accounts,111.0
2024-09-30,RO,new_originations_eur,585592.6
2024-09-30,RO,dpd30_rate,0.0
2024-09-30,RO,dpd90_rate,0.00911137666039699
2024-09-30,RO,approval_rate,0.5088495575221239
2024-09-30,RO,avg_balance_per_customer_eur,3339.9282843933997
2024-09-30,GROUP,portfolio_balance_eur,18299266.858035654
2024-09-30,GROUP,new_accounts,401.0
2024-09-30,GROUP,new_originations_eur,1942121.5132
2024-09-30,GROUP,dpd30_rate,0.0
2024-09-30,GROUP,dpd90_rate,0.013599472510643746
2024-09-30,GROUP,approval_rate,0.5097087378640777
2024-09-30,GROUP,avg_balance_per_customer_eur,3028.67707018134
2024-10-31,PL,portfolio_balance_eur,8016701.881565751
2024-10-31,PL,new_accounts,173.0
2024-10-31,PL,new_originations_eur,853796.1675
2024-10-31,PL,dpd30_rate,0.025608999773377217
2024-10-31,PL,dpd90_rate,0.013279835543411412
2024-10-31,PL,approval_rate,0.5041551246537396
2024-10-31,PL,avg_balance_per_customer_eur,2917.2859831025294
2024-10-31,CZ,portfolio_balance_eur,5836659.044349361
2024-10-31,CZ,new_accounts,137.0
2024-10-31,CZ,new_originations_eur,660984.636
2024-10-31,CZ,dpd30_rate,0.03381606473049207
2024-10-31,CZ,dpd90_rate,0.02181209606661405
2024-10-31,CZ,approval_rate,0.528
2024-10-31,CZ,avg_balance_per_customer_eur,2888.0054647943402
2024-10-31,RO,portfolio_balance_eur,5325707.553339999
2024-10-31,RO,new_accounts,101.0
2024-10-31,RO,new_originations_eur,593700.96
2024-10-31,RO,dpd30_rate,0.029122472622202272
2024-10-31,RO,dpd90_rate,0.005119271107348287
2024-10-31,RO,approval_rate,0.502283105022831
2024-10-31,RO,avg_balance_per_customer_eur,3334.8200083531615
2024-10-31,GROUP,portfolio_balance_eur,19179068.47925511
2024-10-31,GROUP,new_accounts,411.0
2024-10-31,GROUP,new_originations_eur,2108481.7635
2024-10-31,GROUP,dpd30_rate,0.029082242953618314
2024-10-31,GROUP,dpd90_rate,0.013610358159861382
2024-10-31,GROUP,approval_rate,0.5108433734939759
2024-10-31,GROUP,avg_balance_per_customer_eur,3012.734602459175
2024-11-30,PL,portfolio_balance_eur,8436789.754614979
2024-11-30,PL,new_accounts,176.0
2024-11-30,PL,new_originations_eur,857842.2624
2024-11-30,PL,dpd30_rate,0.02950276481930646
2024-11-30,PL,dpd90_rate,0.014519067862267728
2024-11-30,PL,approval_rate,0.5038363171355499
2024-11-30,PL,avg_balance_per_customer_eur,2915.2694383603935
2024-11-30,CZ,portfolio_balance_eur,6228586.98010745
2024-11-30,CZ,new_accounts,129.0
2024-11-30,CZ,new_originations_eur,688484.37
2024-11-30,CZ,dpd30_rate,0.033458771865646296
2024-11-30,CZ,dpd90_rate,0.023981360426457946
2024-11-30,CZ,approval_rate,0.47003154574132494
2024-11-30,CZ,avg_balance_per_customer_eur,2925.592757213457
2024-11-30,RO,portfolio_balance_eur,5509111.10148
2024-11-30,RO,new_accounts,104.0
2024-11-30,RO,new_originations_eur,502899.39999999997
2024-11-30,RO,dpd30_rate,0.021477656262951946
2024-11-30,RO,dpd90_rate,0.00874267769024677
2024-11-30,RO,approval_rate,0.5
2024-11-30,RO,avg_balance_per_customer_eur,3287.0591297613364
2024-11-30,GROUP,portfolio_balance_eur,20174487.836202428
2024-11-30,GROUP,new_accounts,409.0
2024-11-30,GROUP,new_originations_eur,2049226.0324
2024-11-30,GROUP,dpd30_rate,0.028532684150332558
2024-11-30,GROUP,dpd90_rate,0.01586303938036828
2024-11-30,GROUP,approval_rate,0.49141630901287553
2024-11-30,GROUP,avg_balance_per_customer_eur,3011.5670751160515
2024-12-31,PL,portfolio_balance_eur,8877835.390406549
2024-12-31,PL,new_accounts,206.0
2024-12-31,PL,new_originations_eur,1068142.557
2024-12-31,PL,dpd30_rate,0.03040467195612634
2024-12-31,PL,dpd90_rate,0.011145662453183727
2024-12-31,PL,approval_rate,0.5170731707317073
2024-12-31,PL,avg_balance_per_customer_eur,2907.9054668871763
2024-12-31,CZ,portfolio_balance_eur,6454652.9441552395
2024-12-31,CZ,new_accounts,153.0
2024-12-31,CZ,new_originations_eur,666592.944
2024-12-31,CZ,dpd30_rate,0.031544861023787826
2024-12-31,CZ,dpd90_rate,0.018968733426181758
2024-12-31,CZ,approval_rate,0.5048231511254019
2024-12-31,CZ,avg_balance_per_customer_eur,2875.123805859795
2024-12-31,RO,portfolio_balance_eur,5722682.674195999
2024-12-31,RO,new_accounts,129.0
2024-12-31,RO,new_originations_eur,582675.2
2024-12-31,RO,dpd30_rate,0.017835105543107795
2024-12-31,RO,dpd90_rate,0.015428079374400081
2024-12-31,RO,approval_rate,0.5488721804511278
2024-12-31,RO,avg_balance_per_customer_eur,3224.046577011831
2024-12-31,GROUP,portfolio_balance_eur,21055171.008757785
2024-12-31,GROUP,new_accounts,488.0
2024-12-31,GROUP,new_originations_eur,2317410.7010000004
2024-12-31,GROUP,dpd30_rate,0.02733786641060957
2024-12-31,GROUP,dpd90_rate,0.014707833531050018
2024-12-31,GROUP,approval_rate,0.5217831813576495
2024-12-31,GROUP,avg_balance_per_customer_eur,2976.8374111067137
2025-01-31,PL,portfolio_balance_eur,8967085.91277594
2025-01-31,PL,new_accounts,159.0
2025-01-31,PL,new_originations_eur,688717.1154
2025-01-31,PL,dpd30_rate,0.027472989111357433
2025-01-31,PL,dpd90_rate,0.012212970047232163
2025-01-31,PL,approval_rate,0.5139318885448917
2025-01-31,PL,avg_balance_per_customer_eur,2830.519543174223
2025-01-31,CZ,portfolio_balance_eur,6558023.01067345
2025-01-31,CZ,new_accounts,111.0
2025-01-31,CZ,new_originations_eur,508488.43
2025-01-31,CZ,dpd30_rate,0.032887220562382885
2025-01-31,CZ,dpd90_rate,0.01698947835536924
2025-01-31,CZ,approval_rate,0.5155555555555555
2025-01-31,CZ,avg_balance_per_customer_eur,2827.9530015840664
2025-01-31,RO,portfolio_balance_eur,5806529.400072
2025-01-31,RO,new_accounts,85.0
2025-01-31,RO,new_originations_eur,440265.83999999997
2025-01-31,RO,dpd30_rate,0.022732436319424003
2025-01-31,RO,dpd90_rate,0.015230345341729158
2025-01-31,RO,approval_rate,0.50920245398773
2025-01-31,RO,avg_balance_per_customer_eur,3171.233970547242
2025-01-31,GROUP,portfolio_balance_eur,21331638.32352139
2025-01-31,GROUP,new_accounts,355.0
2025-01-31,GROUP,new_originations_eur,1637471.3854
2025-01-31,GROUP,dpd30_rate,0.027847104552513317
2025-01-31,GROUP,dpd90_rate,0.014502758061316602
2025-01-31,GROUP,approval_rate,0.5133614627285513
2025-01-31,GROUP,avg_balance_per_customer_eur,2914.954676622218
2025-02-28,PL,portfolio_balance_eur,9110423.36708865
2025-02-28,PL,new_accounts,141.0
2025-02-28,PL,new_originations_eur,693920.763
2025-02-28,PL,dpd30_rate,0.023179765706045827
2025-02-28,PL,dpd90_rate,0.011555624161865103
2025-02-28,PL,approval_rate,0.501577287066246
2025-02-28,PL,avg_balance_per_customer_eur,2789.4743928624157
2025-02-28,CZ,portfolio_balance_eur,6554525.86653
2025-02-28,CZ,new_accounts,98.0
2025-02-28,CZ,new_originations_eur,429748.695
2025-02-28,CZ,dpd30_rate,0.03843085380627311
2025-02-28,CZ,dpd90_rate,0.014554932399700118
2025-02-28,CZ,approval_rate,0.4605809128630705
2025-02-28,CZ,avg_balance_per_customer_eur,2754.0024649285715
2025-02-28,RO,portfolio_balance_eur,5818880.484592001
2025-02-28,RO,new_accounts,79.0
2025-02-28,RO,new_originations_eur,392641.8
2025-02-28,RO,dpd30_rate,0.03103058752454519
2025-02-28,RO,dpd90_rate,0.0136535727397004
2025-02-28,RO,approval_rate,0.4794520547945205
2025-02-28,RO,avg_balance_per_customer_eur,3090.217995003718
2025-02-28,GROUP,portfolio_balance_eur,21483829.718210652
2025-02-28,GROUP,new_accounts,318.0
2025-02-28,GROUP,new_originations_eur,1516311.2580000001
2025-02-28,GROUP,dpd30_rate,0.02995912707800299
2025-02-28,GROUP,dpd90_rate,0.013038914426301418
2025-02-28,GROUP,approval_rate,0.4826254826254826
2025-02-28,GROUP,avg_balance_per_customer_eur,2853.4771839833516
2025-03-31,PL,portfolio_balance_eur,9482139.09916744
2025-03-31,PL,new_accounts,160.0
2025-03-31,PL,new_originations_eur,821126.0508000001
2025-03-31,PL,dpd30_rate,0.024813859662748718
2025-03-31,PL,dpd90_rate,0.012093512279064886
2025-03-31,PL,approval_rate,0.5112994350282486
2025-03-31,PL,avg_balance_per_customer_eur,2811.1885855818086
2025-03-31,CZ,portfolio_balance_eur,6865166.274753779
2025-03-31,CZ,new_accounts,126.0
2025-03-31,CZ,new_originations_eur,689728.865
2025-03-31,CZ,dpd30_rate,0.030606735177959178
2025-03-31,CZ,dpd90_rate,0.010860912172801666
2025-03-31,CZ,approval_rate,0.4924812030075188
2025-03-31,CZ,avg_balance_per_customer_eur,2802.108683572971
2025-03-31,RO,portfolio_balance_eur,6100182.144088002
2025-03-31,RO,new_accounts,119.0
2025-03-31,RO,new_originations_eur,615772.6
2025-03-31,RO,dpd30_rate,0.025580781750473493
2025-03-31,RO,dpd90_rate,0.007160017088888154
2025-03-31,RO,approval_rate,0.5348837209302325
2025-03-31,RO,avg_balance_per_customer_eur,3096.5391594355337
2025-03-31,GROUP,portfolio_balance_eur,22447487.518009223
2025-03-31,GROUP,new_accounts,405.0
2025-03-31,GROUP,new_originations_eur,2126627.5158
2025-03-31,GROUP,dpd30_rate,0.026793921708029095
2025-03-31,GROUP,dpd90_rate,0.01037584904767195
2025-03-31,GROUP,approval_rate,0.511377245508982
2025-03-31,GROUP,avg_balance_per_customer_eur,2880.468050559377
2025-04-30,PL,portfolio_balance_eur,9855077.35269976
2025-04-30,PL,new_accounts,174.0
2025-04-30,PL,new_originations_eur,842528.96
2025-04-30,PL,dpd30_rate,0.027778115834101665
2025-04-30,PL,dpd90_rate,0.012210045765880199
2025-04-30,PL,approval_rate,0.5348837209302325
2025-04-30,PL,avg_balance_per_customer_eur,2831.9187795114253
2025-04-30,CZ,portfolio_balance_eur,7092411.05331368
2025-04-30,CZ,new_accounts,131.0
2025-04-30,CZ,new_originations_eur,608857.043
2025-04-30,CZ,dpd30_rate,0.027706732493886617
2025-04-30,CZ,dpd90_rate,0.019494109185834097
2025-04-30,CZ,approval_rate,0.5399239543726235
2025-04-30,CZ,avg_balance_per_customer_eur,2797.795287303227
2025-04-30,RO,portfolio_balance_eur,6536187.58616
2025-04-30,RO,new_accounts,116.0
2025-04-30,RO,new_originations_eur,628669.52
2025-04-30,RO,dpd30_rate,0.019805725130243913
2025-04-30,RO,dpd90_rate,0.012448704743874188
2025-04-30,RO,approval_rate,0.5147679324894515
2025-04-30,RO,avg_balance_per_customer_eur,3179.0795652529187
2025-04-30,GROUP,portfolio_balance_eur,23483675.99217344
2025-04-30,GROUP,new_accounts,421.0
2025-04-30,GROUP,new_originations_eur,2080055.523
2025-04-30,GROUP,dpd30_rate,0.025537609656139083
2025-04-30,GROUP,dpd90_rate,0.014476364368629884
2025-04-30,GROUP,approval_rate,0.5308056872037915
2025-04-30,GROUP,avg_balance_per_customer_eur,2909.6364753033627
2025-05-31,PL,portfolio_balance_eur,10371333.151097363
2025-05-31,PL,new_accounts,185.0
2025-05-31,PL,new_originations_eur,947353.4214
2025-05-31,PL,dpd30_rate,0.024897497340277155
2025-05-31,PL,dpd90_rate,0.013020476941745483
2025-05-31,PL,approval_rate,0.5025510204081632
2025-05-31,PL,avg_balance_per_customer_eur,2865.009157761702
2025-05-31,CZ,portfolio_balance_eur,7447556.637243901
2025-05-31,CZ,new_accounts,144.0
2025-05-31,CZ,new_originations_eur,689817.0630000001
2025-05-31,CZ,dpd30_rate,0.030950855836187046
2025-05-31,CZ,dpd90_rate,0.01867875928543116
2025-05-31,CZ,approval_rate,0.5335689045936396
2025-05-31,CZ,avg_balance_per_customer_eur,2841.4943293566967
2025-05-31,RO,portfolio_balance_eur,6555672.504395999
2025-05-31,RO,new_accounts,92.0
2025-05-31,RO,new_originations_eur,433907.92
2025-05-31,RO,dpd30_rate,0.02395243363922738
2025-05-31,RO,dpd90_rate,0.014950236878236102
2025-05-31,RO,approval_rate,0.45662100456621
2025-05-31,RO,avg_balance_per_customer_eur,3105.4820011350066
2025-05-31,GROUP,portfolio_balance_eur,24374562.292737264
2025-05-31,GROUP,new_accounts,421.0
2025-05-31,GROUP,new_originations_eur,2071078.4043999999
2025-05-31,GROUP,dpd30_rate,0.026492898384075293
2025-05-31,GROUP,dpd90_rate,0.015268363559023472
2025-05-31,GROUP,approval_rate,0.5011185682326622
2025-05-31,GROUP,avg_balance_per_customer_eur,2918.410236199385
2025-06-30,PL,portfolio_balance_eur,10687158.4094117
2025-06-30,PL,new_accounts,176.0
2025-06-30,PL,new_originations_eur,794106.185
2025-06-30,PL,dpd30_rate,0.02730807138220436
2025-06-30,PL,dpd90_rate,0.01632785393900936
2025-06-30,PL,approval_rate,0.5042735042735043
2025-06-30,PL,avg_balance_per_customer_eur,2863.6544505390407
2025-06-30,CZ,portfolio_balance_eur,7780490.6587366
2025-06-30,CZ,new_accounts,141.0
2025-06-30,CZ,new_originations_eur,712332.508
2025-06-30,CZ,dpd30_rate,0.02724809561546654
2025-06-30,CZ,dpd90_rate,0.016943166802520226
2025-06-30,CZ,approval_rate,0.541095890410959
2025-06-30,CZ,avg_balance_per_customer_eur,2868.912484784882
2025-06-30,RO,portfolio_balance_eur,6864231.5648839995
2025-06-30,RO,new_accounts,120.0
2025-06-30,RO,new_originations_eur,682007.64
2025-06-30,RO,dpd30_rate,0.027587545859531916
2025-06-30,RO,dpd90_rate,0.013680713924902416
2025-06-30,RO,approval_rate,0.5276595744680851
2025-06-30,RO,avg_balance_per_customer_eur,3128.637905598906
2025-06-30,GROUP,portfolio_balance_eur,25331880.6330323
2025-06-30,GROUP,new_accounts,437.0
2025-06-30,GROUP,new_originations_eur,2188446.333
2025-06-30,GROUP,dpd30_rate,0.027365380062007
2025-06-30,GROUP,dpd90_rate,0.01579954156265534
2025-06-30,GROUP,approval_rate,0.5227790432801822
2025-06-30,GROUP,avg_balance_per_customer_eur,2932.6094736087402
2025-07-31,PL,portfolio_balance_eur,11284086.806970121
2025-07-31,PL,new_accounts,197.0
2025-07-31,PL,new_originations_eur,1113499.4838
2025-07-31,PL,dpd30_rate,0.028515940293904227
2025-07-31,PL,dpd90_rate,0.015387046023407255
2025-07-31,PL,approval_rate,0.555256064690027
2025-07-31,PL,avg_balance_per_customer_eur,2935.50645342615
2025-07-31,CZ,portfolio_balance_eur,8059691.30686565
2025-07-31,CZ,new_accounts,124.0
2025-07-31,CZ,new_originations_eur,639536.8289999999
2025-07-31,CZ,dpd30_rate,0.03570257497228062
2025-07-31,CZ,dpd90_rate,0.00868308710065973
2025-07-31,CZ,approval_rate,0.49063670411985016
2025-07-31,CZ,avg_balance_per_customer_eur,2899.1695348437593
2025-07-31,RO,portfolio_balance_eur,7018015.905712001
2025-07-31,RO,new_accounts,100.0
2025-07-31,RO,new_originations_eur,502879.27999999997
2025-07-31,RO,dpd30_rate,0.03176464382832641
2025-07-31,RO,dpd90_rate,0.008469403331735315
2025-07-31,RO,approval_rate,0.5238095238095238
2025-07-31,RO,avg_balance_per_customer_eur,3117.732521418037
2025-07-31,GROUP,portfolio_balance_eur,26361794.01954777
2025-07-31,GROUP,new_accounts,421.0
2025-07-31,GROUP,new_originations_eur,2255915.5927999998
2025-07-31,GROUP,dpd30_rate,0.031578004661017886
2025-07-31,GROUP,dpd90_rate,0.011495809872507446
2025-07-31,GROUP,approval_rate,0.5272067714631197
2025-07-31,GROUP,avg_balance_per_customer_eur,2970.3429881180587
2025-08-31,PL,portfolio_balance_eur,11531604.830064958
2025-08-31,PL,new_accounts,175.0
2025-08-31,PL,new_originations_eur,795485.6016
2025-08-31,PL,dpd30_rate,0.02814087966062671
2025-08-31,PL,dpd90_rate,0.015045944850516932
2025-08-31,PL,approval_rate,0.527027027027027
2025-08-31,PL,avg_balance_per_customer_eur,2923.8348960610947
2025-08-31,CZ,portfolio_balance_eur,8280604.269481681
2025-08-31,CZ,new_accounts,127.0
2025-08-31,CZ,new_originations_eur,651617.14
2025-08-31,CZ,dpd30_rate,0.03262688089547133
2025-08-31,CZ,dpd90_rate,0.010991059401857978
2025-08-31,CZ,approval_rate,0.472
2025-08-31,CZ,avg_balance_per_customer_eur,2898.3564121391955
2025-08-31,RO,portfolio_balance_eur,7194716.685099999
2025-08-31,RO,new_accounts,115.0
2025-08-31,RO,new_originations_eur,556036.32
2025-08-31,RO,dpd30_rate,0.036567406906902855
2025-08-31,RO,dpd90_rate,0.007603535288230853
2025-08-31,RO,approval_rate,0.5720930232558139
2025-08-31,RO,avg_balance_per_customer_eur,3106.5270661053537
2025-08-31,GROUP,portfolio_balance_eur,27006925.78464664
2025-08-31,GROUP,new_accounts,417.0
2025-08-31,GROUP,new_originations_eur,2003139.0616000001
2025-08-31,GROUP,dpd30_rate,0.031761183501724057
2025-08-31,GROUP,dpd90_rate,0.01181999715442332
2025-08-31,GROUP,approval_rate,0.5221556886227545
2025-08-31,GROUP,avg_balance_per_customer_eur,2962.2601496815446
2025-09-30,PL,portfolio_balance_eur,11953428.534382561
2025-09-30,PL,new_accounts,199.0
2025-09-30,PL,new_originations_eur,1082645.5848
2025-09-30,PL,dpd30_rate,0.03186738521957326
2025-09-30,PL,dpd90_rate,0.012609598197169058
2025-09-30,PL,approval_rate,0.508235294117647
2025-09-30,PL,avg_balance_per_customer_eur,2939.849614948982
2025-09-30,CZ,portfolio_balance_eur,8462000.450412951
2025-09-30,CZ,new_accounts,119.0
2025-09-30,CZ,new_originations_eur,618178.62
2025-09-30,CZ,dpd30_rate,0.02856156163807353
2025-09-30,CZ,dpd90_rate,0.015192520141429222
2025-09-30,CZ,approval_rate,0.5052631578947369
2025-09-30,CZ,avg_balance_per_customer_eur,2899.9316142607786
2025-09-30,RO,portfolio_balance_eur,7390716.636895999
2025-09-30,RO,new_accounts,109.0
2025-09-30,RO,new_originations_eur,599233.96
2025-09-30,RO,dpd30_rate,0.03369599666310459
2025-09-30,RO,dpd90_rate,0.02160297768336463
2025-09-30,RO,approval_rate,0.4769874476987448
2025-09-30,RO,avg_balance_per_customer_eur,3097.534214960603
2025-09-30,GROUP,portfolio_balance_eur,27806145.62169151
2025-09-30,GROUP,new_accounts,427.0
2025-09-30,GROUP,new_originations_eur,2300058.1648
2025-09-30,GROUP,dpd30_rate,0.031347387525026506
2025-09-30,GROUP,dpd90_rate,0.015786025712435838
2025-09-30,GROUP,approval_rate,0.4994731296101159
2025-09-30,GROUP,avg_balance_per_customer_eur,2967.5715711517087
2025-10-31,PL,portfolio_balance_eur,12172069.197341882
2025-10-31,PL,new_accounts,175.0
2025-10-31,PL,new_originations_eur,829644.087
2025-10-31,PL,dpd30_rate,0.0314358474211065
2025-10-31,PL,dpd90_rate,0.016072651664410856
2025-10-31,PL,approval_rate,0.475
2025-10-31,PL,avg_balance_per_customer_eur,2917.5621278384183
2025-10-31,CZ,portfolio_balance_eur,8832036.64612416
2025-10-31,CZ,new_accounts,155.0
2025-10-31,CZ,new_originations_eur,757970.073
2025-10-31,CZ,dpd30_rate,0.028589821069898592
2025-10-31,CZ,dpd90_rate,0.018481236977370835
2025-10-31,CZ,approval_rate,0.5031847133757962
2025-10-31,CZ,avg_balance_per_customer_eur,2914.8635795789305
2025-10-31,RO,portfolio_balance_eur,7700533.889511999
2025-10-31,RO,new_accounts,125.0
2025-10-31,RO,new_originations_eur,656837.52
2025-10-31,RO,dpd30_rate,0.034696153729644026
2025-10-31,RO,dpd90_rate,0.02148506385918443
2025-10-31,RO,approval_rate,0.5236220472440944
2025-10-31,RO,avg_balance_per_customer_eur,3121.4162503088764
2025-10-31,GROUP,portfolio_balance_eur,28704639.732978042
2025-10-31,GROUP,new_accounts,455.0
2025-10-31,GROUP,new_originations_eur,2244451.68
2025-10-31,GROUP,dpd30_rate,0.03143479846836226
2025-10-31,GROUP,dpd90_rate,0.01826571793748858
2025-10-31,GROUP,approval_rate,0.496900826446281
2025-10-31,GROUP,avg_balance_per_customer_eur,2968.7288998839635
2025-11-30,PL,portfolio_balance_eur,12386822.87891748
2025-11-30,PL,new_accounts,181.0
2025-11-30,PL,new_originations_eur,870574.8111
2025-11-30,PL,dpd30_rate,0.03541635058532479
2025-11-30,PL,dpd90_rate,0.01734777015270373
2025-11-30,PL,approval_rate,0.45365853658536587
2025-11-30,PL,avg_balance_per_customer_eur,2885.3535706772604
2025-11-30,CZ,portfolio_balance_eur,8992055.148422461
2025-11-30,CZ,new_accounts,127.0
2025-11-30,CZ,new_originations_eur,639015.432
2025-11-30,CZ,dpd30_rate,0.030589049483521782
2025-11-30,CZ,dpd90_rate,0.012282056309905302
2025-11-30,CZ,approval_rate,0.48788927335640137
2025-11-30,CZ,avg_balance_per_customer_eur,2893.196637201564
2025-11-30,RO,portfolio_balance_eur,7938644.961068
2025-11-30,RO,new_accounts,124.0
2025-11-30,RO,new_originations_eur,645852.0
2025-11-30,RO,dpd30_rate,0.03746941426885541
2025-11-30,RO,dpd90_rate,0.021871346004293905
2025-11-30,RO,approval_rate,0.5269230769230769
2025-11-30,RO,avg_balance_per_customer_eur,3115.637739822606
2025-11-30,GROUP,portfolio_balance_eur,29317522.988407943
2025-11-30,GROUP,new_accounts,432.0
2025-11-30,GROUP,new_originations_eur,2155442.2431
2025-11-30,GROUP,dpd30_rate,0.03449168808671739
2025-11-30,GROUP,dpd90_rate,0.017018952619102853
2025-11-30,GROUP,approval_rate,0.48383733055265904
2025-11-30,GROUP,avg_balance_per_customer_eur,2946.780881335606
2025-12-31,PL,portfolio_balance_eur,12986399.287503181
2025-12-31,PL,new_accounts,210.0
2025-12-31,PL,new_originations_eur,1151932.8513
2025-12-31,PL,dpd30_rate,0.04148785255081655
2025-12-31,PL,dpd90_rate,0.01728417949683066
2025-12-31,PL,approval_rate,0.5098468271334792
2025-12-31,PL,avg_balance_per_customer_eur,2932.1289879212422
2025-12-31,CZ,portfolio_balance_eur,9366279.627060601
2025-12-31,CZ,new_accounts,194.0
2025-12-31,CZ,new_originations_eur,868537.08
2025-12-31,CZ,dpd30_rate,0.02667174892260873
2025-12-31,CZ,dpd90_rate,0.00925836856175415
2025-12-31,CZ,approval_rate,0.5396419437340153
2025-12-31,CZ,avg_balance_per_customer_eur,2890.8270453890746
2025-12-31,RO,portfolio_balance_eur,8179342.9938159995
2025-12-31,RO,new_accounts,142.0
2025-12-31,RO,new_originations_eur,775243.72
2025-12-31,RO,dpd30_rate,0.046118334561764146
2025-12-31,RO,dpd90_rate,0.0156897266607895
2025-12-31,RO,approval_rate,0.5344827586206896
2025-12-31,RO,avg_balance_per_customer_eur,3101.760710586272
2025-12-31,GROUP,portfolio_balance_eur,30532021.908379782
2025-12-31,GROUP,new_accounts,546.0
2025-12-31,GROUP,new_originations_eur,2795713.6513
2025-12-31,GROUP,dpd30_rate,0.03818320835549144
2025-12-31,GROUP,dpd90_rate,0.014394964811016497
2025-12-31,GROUP,approval_rate,0.5263620386643234
2025-12-31,GROUP,avg_balance_per_customer_eur,2962.5482154453503
2026-01-31,PL,portfolio_balance_eur,13208518.75401632
2026-01-31,PL,new_accounts,172.0
2026-01-31,PL,new_originations_eur,837099.9458
2026-01-31,PL,dpd30_rate,0.04522113370055687
2026-01-31,PL,dpd90_rate,0.016584223066745465
2026-01-31,PL,approval_rate,0.5318471337579618
2026-01-31,PL,avg_balance_per_customer_eur,2928.718127276346
2026-01-31,CZ,portfolio_balance_eur,9453874.33916359
2026-01-31,CZ,new_accounts,113.0
2026-01-31,CZ,new_originations_eur,571791.318
2026-01-31,CZ,dpd30_rate,0.022652331631943096
2026-01-31,CZ,dpd90_rate,0.010677247618231508
2026-01-31,CZ,approval_rate,0.502283105022831
2026-01-31,CZ,avg_balance_per_customer_eur,2860.4763507302846
2026-01-31,RO,portfolio_balance_eur,8310287.786676001
2026-01-31,RO,new_accounts,127.0
2026-01-31,RO,new_originations_eur,655831.52
2026-01-31,RO,dpd30_rate,0.03714452903373423
2026-01-31,RO,dpd90_rate,0.019551710944381812
2026-01-31,RO,approval_rate,0.5774647887323944
2026-01-31,RO,avg_balance_per_customer_eur,3075.6061386661736
2026-01-31,GROUP,portfolio_balance_eur,30972680.879855912
2026-01-31,GROUP,new_accounts,412.0
2026-01-31,GROUP,new_originations_eur,2064722.7837999999
2026-01-31,GROUP,dpd30_rate,0.03616536197221879
2026-01-31,GROUP,dpd90_rate,0.015577428547759349
2026-01-31,GROUP,approval_rate,0.5361930294906166
2026-01-31,GROUP,avg_balance_per_customer_eur,2945.0110183375405
2026-02-28,PL,portfolio_balance_eur,13318151.06505208
2026-02-28,PL,new_accounts,160.0
2026-02-28,PL,new_originations_eur,716795.738
2026-02-28,PL,dpd30_rate,0.04092437011006402
2026-02-28,PL,dpd90_rate,0.020792374198764136
2026-02-28,PL,approval_rate,0.5198863636363636
2026-02-28,PL,avg_balance_per_customer_eur,2896.5095835258985
2026-02-28,CZ,portfolio_balance_eur,9486350.110471182
2026-02-28,CZ,new_accounts,116.0
2026-02-28,CZ,new_originations_eur,507969.282
2026-02-28,CZ,dpd30_rate,0.020776629460919887
2026-02-28,CZ,dpd90_rate,0.011745790913183923
2026-02-28,CZ,approval_rate,0.5346938775510204
2026-02-28,CZ,avg_balance_per_customer_eur,2811.6034707976237
2026-02-28,RO,portfolio_balance_eur,8436848.099556
2026-02-28,RO,new_accounts,112.0
2026-02-28,RO,new_originations_eur,575774.0399999999
2026-02-28,RO,dpd30_rate,0.04195732079298051
2026-02-28,RO,dpd90_rate,0.018911846881062712
2026-02-28,RO,approval_rate,0.5521739130434783
2026-02-28,RO,avg_balance_per_customer_eur,3051.301301828572
2026-02-28,GROUP,portfolio_balance_eur,31241349.275079265
2026-02-28,GROUP,new_accounts,388.0
2026-02-28,GROUP,new_originations_eur,1800539.06
2026-02-28,GROUP,dpd30_rate,0.03508551622060788
2026-02-28,GROUP,dpd90_rate,0.017537560241091207
2026-02-28,GROUP,approval_rate,0.5332527206771464
2026-02-28,GROUP,avg_balance_per_customer_eur,2909.690721344814
2026-03-31,PL,portfolio_balance_eur,13703365.35892816
2026-03-31,PL,new_accounts,191.0
2026-03-31,PL,new_originations_eur,960003.0944000001
2026-03-31,PL,dpd30_rate,0.04401898273681122
2026-03-31,PL,dpd90_rate,0.020198745220568984
2026-03-31,PL,approval_rate,0.5242718446601942
2026-03-31,PL,avg_balance_per_customer_eur,2915.6096508357787
2026-03-31,CZ,portfolio_balance_eur,9570779.1222244
2026-03-31,CZ,new_accounts,124.0
2026-03-31,CZ,new_originations_eur,586936.423
2026-03-31,CZ,dpd30_rate,0.021816793046382826
2026-03-31,CZ,dpd90_rate,0.011462277148367528
2026-03-31,CZ,approval_rate,0.5366795366795367
2026-03-31,CZ,avg_balance_per_customer_eur,2773.3350107865544
2026-03-31,RO,portfolio_balance_eur,8461595.448056
2026-03-31,RO,new_accounts,104.0
2026-03-31,RO,new_originations_eur,529759.6
2026-03-31,RO,dpd30_rate,0.03619715860844893
2026-03-31,RO,dpd90_rate,0.019587541390795323
2026-03-31,RO,approval_rate,0.461864406779661
2026-03-31,RO,avg_balance_per_customer_eur,3023.078045036084
2026-03-31,GROUP,portfolio_balance_eur,31735739.92920856
2026-03-31,GROUP,new_accounts,419.0
2026-03-31,GROUP,new_originations_eur,2076699.1173999999
2026-03-31,GROUP,dpd30_rate,0.03523779894785608
2026-03-31,GROUP,dpd90_rate,0.017401061411421788
2026-03-31,GROUP,approval_rate,0.5115766262403528
2026-03-31,GROUP,avg_balance_per_customer_eur,2898.2410894254394
2026-04-30,PL,portfolio_balance_eur,13988484.214797951
2026-04-30,PL,new_accounts,207.0
2026-04-30,PL,new_originations_eur,1028364.9563
2026-04-30,PL,dpd30_rate,0.04104029582647019
2026-04-30,PL,dpd90_rate,0.021893236844771187
2026-04-30,PL,approval_rate,0.5084745762711864
2026-04-30,PL,avg_balance_per_customer_eur,2910.629258176852
2026-04-30,CZ,portfolio_balance_eur,9618585.422725413
2026-04-30,CZ,new_accounts,146.0
2026-04-30,CZ,new_originations_eur,656443.926
2026-04-30,CZ,dpd30_rate,0.0282135529974647
2026-04-30,CZ,dpd90_rate,0.011392276449090558
2026-04-30,CZ,approval_rate,0.5306122448979592
2026-04-30,CZ,avg_balance_per_customer_eur,2726.356412337135
2026-04-30,RO,portfolio_balance_eur,8709643.455632001
2026-04-30,RO,new_accounts,117.0
2026-04-30,RO,new_originations_eur,639393.48
2026-04-30,RO,dpd30_rate,0.038051101643895094
2026-04-30,RO,dpd90_rate,0.01935223993133509
2026-04-30,RO,approval_rate,0.49137931034482757
2026-04-30,RO,avg_balance_per_customer_eur,3043.2017664682044
2026-04-30,GROUP,portfolio_balance_eur,32316713.093155365
2026-04-30,GROUP,new_accounts,470.0
2026-04-30,GROUP,new_originations_eur,2324202.3623
2026-04-30,GROUP,dpd30_rate,0.036416993428255585
2026-04-30,GROUP,dpd90_rate,0.018082961914599516
2026-04-30,GROUP,approval_rate,0.5111821086261981
2026-04-30,GROUP,avg_balance_per_customer_eur,2886.4516874915475
2026-05-31,PL,portfolio_balance_eur,14349803.268716298
2026-05-31,PL,new_accounts,189.0
2026-05-31,PL,new_originations_eur,939762.7512
2026-05-31,PL,dpd30_rate,0.03695248193167251
2026-05-31,PL,dpd90_rate,0.017222764879450656
2026-05-31,PL,approval_rate,0.5154394299287411
2026-05-31,PL,avg_balance_per_customer_eur,2933.920112188979
2026-05-31,CZ,portfolio_balance_eur,9882400.14307029
2026-05-31,CZ,new_accounts,140.0
2026-05-31,CZ,new_originations_eur,687569.905
2026-05-31,CZ,dpd30_rate,0.02590399154434644
2026-05-31,CZ,dpd90_rate,0.010548916364571838
2026-05-31,CZ,approval_rate,0.47540983606557374
2026-05-31,CZ,avg_balance_per_customer_eur,2739.7837934766535
2026-05-31,RO,portfolio_balance_eur,8796456.155212
2026-05-31,RO,new_accounts,108.0
2026-05-31,RO,new_originations_eur,527848.2
2026-05-31,RO,dpd30_rate,0.03981876738873299
2026-05-31,RO,dpd90_rate,0.02015309796129519
2026-05-31,RO,approval_rate,0.5271966527196653
2026-05-31,RO,avg_balance_per_customer_eur,3018.6877677460534
2026-05-31,GROUP,portfolio_balance_eur,33028659.566998586
2026-05-31,GROUP,new_accounts,437.0
2026-05-31,GROUP,new_originations_eur,2155180.8562000003
2026-05-31,GROUP,dpd30_rate,0.03441007028875587
2026-05-31,GROUP,dpd90_rate,0.016006333587040622
2026-05-31,GROUP,approval_rate,0.505699481865285
2026-05-31,GROUP,avg_balance_per_customer_eur,2894.2043083594976
2026-06-30,PL,portfolio_balance_eur,14629065.15137652
2026-06-30,PL,new_accounts,203.0
2026-06-30,PL,new_originations_eur,1025103.087
2026-06-30,PL,dpd30_rate,0.03242406437900093
2026-06-30,PL,dpd90_rate,0.01804005422636288
2026-06-30,PL,approval_rate,0.49257425742574257
2026-06-30,PL,avg_balance_per_customer_eur,2920.5560294223437
2026-06-30,CZ,portfolio_balance_eur,10017733.30469605
2026-06-30,CZ,new_accounts,127.0
2026-06-30,CZ,new_originations_eur,620112.145
2026-06-30,CZ,dpd30_rate,0.026870110806558743
2026-06-30,CZ,dpd90_rate,0.008777693374451181
2026-06-30,CZ,approval_rate,0.5087719298245614
2026-06-30,CZ,avg_balance_per_customer_eur,2743.832732044933
2026-06-30,RO,portfolio_balance_eur,8965470.398448002
2026-06-30,RO,new_accounts,120.0
2026-06-30,RO,new_originations_eur,609314.08
2026-06-30,RO,dpd30_rate,0.04520894508696851
2026-06-30,RO,dpd90_rate,0.018639525056145828
2026-06-30,RO,approval_rate,0.5172413793103449
2026-06-30,RO,avg_balance_per_customer_eur,3014.616811852052
2026-06-30,GROUP,portfolio_balance_eur,33612268.854520574
2026-06-30,GROUP,new_accounts,450.0
2026-06-30,GROUP,new_originations_eur,2254529.312
2026-06-30,GROUP,dpd30_rate,0.03417891300629464
2026-06-30,GROUP,dpd90_rate,0.015439416846437832
2026-06-30,GROUP,approval_rate,0.503800217155266
2026-06-30,GROUP,avg_balance_per_customer_eur,2889.1412114939467
2026-07-31,PL,portfolio_balance_eur,14474415.95473666
2026-07-31,PL,new_accounts,168.0
2026-07-31,PL,new_originations_eur,823479.8468
2026-07-31,PL,dpd30_rate,0.03506306909152659
2026-07-31,PL,dpd90_rate,0.01595448168979278
2026-07-31,PL,approval_rate,0.5106951871657754
2026-07-31,PL,avg_balance_per_customer_eur,2843.1380779290234
2026-07-31,CZ,portfolio_balance_eur,10090507.795275599
2026-07-31,CZ,new_accounts,131.0
2026-07-31,CZ,new_originations_eur,628608.505
2026-07-31,CZ,dpd30_rate,0.026551488577658794
2026-07-31,CZ,dpd90_rate,0.010345488466046581
2026-07-31,CZ,approval_rate,0.4889705882352941
2026-07-31,CZ,avg_balance_per_customer_eur,2720.5467229106494
2026-07-31,RO,portfolio_balance_eur,9073733.466632
2026-07-31,RO,new_accounts,106.0
2026-07-31,RO,new_originations_eur,572554.84
2026-07-31,RO,dpd30_rate,0.04734657451206116
2026-07-31,RO,dpd90_rate,0.021675511772998254
2026-07-31,RO,approval_rate,0.4692982456140351
2026-07-31,RO,avg_balance_per_customer_eur,3013.528218741946
2026-07-31,GROUP,portfolio_balance_eur,33638657.21664426
2026-07-31,GROUP,new_accounts,405.0
2026-07-31,GROUP,new_originations_eur,2024643.1918000001
2026-07-31,GROUP,dpd30_rate,0.03582323869436997
2026-07-31,GROUP,dpd90_rate,0.015815163176331123
2026-07-31,GROUP,approval_rate,0.4931350114416476
2026-07-31,GROUP,avg_balance_per_customer_eur,2848.078673833228
2026-08-31,PL,portfolio_balance_eur,14611812.82988225
2026-08-31,PL,new_accounts,203.0
2026-08-31,PL,new_originations_eur,985666.4739999999
2026-08-31,PL,dpd30_rate,0.0305537517542744
2026-08-31,PL,dpd90_rate,0.015551992383696792
2026-08-31,PL,approval_rate,0.5155875299760192
2026-08-31,PL,avg_balance_per_customer_eur,2808.883665875096
2026-08-31,CZ,portfolio_balance_eur,10168583.149852501
2026-08-31,CZ,new_accounts,150.0
2026-08-31,CZ,new_originations_eur,666092.525
2026-08-31,CZ,dpd30_rate,0.03236095121252351
2026-08-31,CZ,dpd90_rate,0.015000157641108122
2026-08-31,CZ,approval_rate,0.5033333333333333
2026-08-31,CZ,avg_balance_per_customer_eur,2687.968054415147
2026-08-31,RO,portfolio_balance_eur,9237245.79728
2026-08-31,RO,new_accounts,114.0
2026-08-31,RO,new_originations_eur,619655.76
2026-08-31,RO,dpd30_rate,0.044230806684003636
2026-08-31,RO,dpd90_rate,0.021968837343458794
2026-08-31,RO,approval_rate,0.5565217391304348
2026-08-31,RO,avg_balance_per_customer_eur,3016.7360539777924
2026-08-31,GROUP,portfolio_balance_eur,34017641.77701475
2026-08-31,GROUP,new_accounts,467.0
2026-08-31,GROUP,new_originations_eur,2271414.7589999996
2026-08-31,GROUP,dpd30_rate,0.03480786722403532
2026-08-31,GROUP,dpd90_rate,0.01712948552749336
2026-08-31,GROUP,approval_rate,0.5216473072861668
2026-08-31,GROUP,avg_balance_per_customer_eur,2823.743818130219
